Fall in market amid Recession fears ,-15
People loving new innovation,4
New product unable to sell,-4
New president appointed,-3
Business plan modified,0
New CEO unable to bring innovation,-7
to introduce low cost composite cars,5
receives USFDA Approval for new anti-infection drug,6
Sergie Brain introduces loogle glasses,-5
US plans state incentives to Indian software companies,4
sells 80% of its dollar bonds,-5
to hike its call rates,6
New Budget turns out a boost industry,5
tragic fall in shares,-8
New Technology to remain dominant technology in near future even in Metros : Analyst ,11
World class Trade centre to be set up in Hyderabad,7
lashed out of domestic Market.,6
buys new unit in Ireland,9
plans enormous brand expansion,4
gets 10 year outsourcing contract from Mumbai airport,8
Excise duty on the Product to be reduced,2
ready to launch New Flagship Product,10
net profit down by 38% in third quarter,-7
net profit up by 18% in third quarter,5
offers freebies to revive sales,3
failing business model,-8
to raise 2046 k capital this month,3
Government plans to allocate more funds for this sector,3
Festive Season Brings New hope to Market ,20
subsidiaries sign financial agreement for two new projects,10
to lay off staff,-15
Bought new game changing patent to revolutionize market,15
sold its patent for $20Million,1
extends gains by 2% on buzz of acquisition,20
faces possible EU privacy crackdown,6
union leaders plan hunger strike for higher wages,-5
Upgrades own brand Marketing Strategy,8
announced expansion of its retail in Hyderabad,6
gains further n  buzz of acquisition,6
tragic death of CEO shocks company,-5
